Keyword,Cluster,Location,Priority,Position,Position Change,Search Volume,Difficulty,Intent,Opportunity Score,SERP Features,Target URL
custom software development services,Commercial · United States,United States,P3,45,0,6100,8,commercial,34,"local_pack, related_searches",https://www.example.com/test-url
web application development company,Commercial · United States,United States,P3,57,0,6300,21,commercial,30,"local_pack, people_also_ask, related_searches",https://www.tekrevol.com/web-application-development
custom software development,Informational · United States,United States,P3,40,0,10000,22,informational,29,"local_pack, people_also_ask, related_searches",
web development company,Commercial · United States,United States,P3,29,0,16000,26,commercial,28,"local_pack, people_also_ask, related_searches",https://www.tekrevol.com/web-development-uk
music app development services,Mixed · United States,United States,P3,4,0,60,1,mixed,28,related_searches,
custom crm development,Commercial · United States,United States,P3,8,0,1100,2,commercial,28,"people_also_ask, related_searches",
it staff augmentation,Informational · United States,United States,P3,48,0,2800,3,informational,28,"people_also_ask, related_searches",
web development company,Commercial · London - United Kingdom,London - United Kingdom,P3,31,0,16000,26,commercial,28,"local_pack, related_searches",https://www.tekrevol.com/web-development-uk
app developers in dc,Commercial · Washington - United States,Washington - United States,P3,5,0,60,1,commercial,27,"local_pack, people_also_ask, related_searches",https://www.tekrevol.com/app-development-washington-dc
mobile app development washington dc,Commercial · Washington - United States,Washington - United States,P3,6,0,70,0,commercial,27,"local_pack, related_searches",https://www.tekrevol.com/software-development-washington
iphone apps development miami,Commercial · Miami - United States,Miami - United States,P3,5,0,40,0,commercial,27,"local_pack, related_searches",
ios app developer in miami,Mixed · Miami - United States,Miami - United States,P3,5,0,20,0,mixed,27,"local_pack, people_also_ask, related_searches",
miami app developer,Commercial · Miami - United States,Miami - United States,P3,7,0,200,0,commercial,27,"local_pack, people_also_ask, related_searches",
professional web development services,Commercial · United States,United States,P3,7,0,1400,12,commercial,27,"local_pack, people_also_ask, related_searches",
web development services,Commercial · Dubai - United Arab Emirates,Dubai - United Arab Emirates,P3,5,0,6500,67,commercial,27,"local_pack, related_searches",
web development service dubai,Commercial · Dubai - United Arab Emirates,Dubai - United Arab Emirates,P3,6,0,40,0,commercial,27,"local_pack, people_also_ask, related_searches",
mobile app development company in los angeles,Commercial · United States,United States,P3,5,0,150,4,commercial,27,"local_pack, related_searches",https://www.tekrevol.com/app-development-los-angeles
mobile app developers in dc,Mixed · Washington - United States,Washington - United States,P3,7,0,10,0,mixed,26,"local_pack, related_searches",https://www.tekrevol.com/app-development-washington-dc
android app developers in dc,Mixed · Washington - United States,Washington - United States,P3,7,0,10,0,mixed,26,"local_pack, related_searches",https://www.tekrevol.com/app-development-washington-dc
mobile app developer in miami,Mixed · Miami - United States,Miami - United States,P3,7,0,20,0,mixed,26,"local_pack, people_also_ask, related_searches",
mobile app developer miami,Commercial · Miami - United States,Miami - United States,P3,6,0,100,2,commercial,26,"local_pack, related_searches",
mobile app developers miami,Commercial · Miami - United States,Miami - United States,P3,6,0,20,2,commercial,26,"local_pack, related_searches",
app developers miami,Commercial · Miami - United States,Miami - United States,P3,6,0,100,2,commercial,26,"local_pack, people_also_ask, related_searches",
Mobile App Development In San Francisco,Commercial · San Francisco - United States,San Francisco - United States,P3,8,0,70,0,commercial,26,"local_pack, related_searches",
ios app development company,Commercial · United States,United States,P3,11,0,5900,41,commercial,26,"people_also_ask, related_searches",https://www.tekrevol.com/ios-app-development
music app development company,Commercial · United States,United States,P3,7,0,400,5,commercial,26,"people_also_ask, related_searches",
cloud application development services,Commercial · United States,United States,P3,10,0,1400,7,commercial,26,related_searches,
app developer in dc,Mixed · Washington - United States,Washington - United States,P3,9,0,10,0,mixed,25,"local_pack, people_also_ask, related_searches",https://www.tekrevol.com/app-development-washington-dc
ecommerce application development services,Commercial · United States,United States,P3,4,0,200,10,commercial,25,related_searches,https://www.tekrevol.com/solution/ecommerce-app-development
mobile app development company miami,Commercial · Miami - United States,Miami - United States,P3,7,0,150,5,commercial,25,"local_pack, related_searches",
San Francisco Mobile App Development,Commercial · San Francisco - United States,San Francisco - United States,P3,10,0,200,0,commercial,25,"local_pack, related_searches",
Web Development Services,Commercial · United States,United States,P3,9,0,6500,67,commercial,25,"local_pack, related_searches",
Website Development Services,Commercial · United States,United States,P3,9,0,7000,69,commercial,25,"local_pack, people_also_ask, related_searches",
music app developers,Commercial · United States,United States,P3,6,0,100,5,commercial,25,"people_also_ask, related_searches",
custom software development company,Commercial · United States,United States,P3,48,0,2000,5,commercial,25,"local_pack, related_searches",
mobile app development company in colorado,Mixed · United States,United States,P3,8,0,40,0,mixed,25,"local_pack, related_searches",https://www.tekrevol.com/app-development-denver
cms development companies,Commercial · United States,United States,P3,8,0,80,3,commercial,25,related_searches,https://www.tekrevol.com/cms-development
enterprise app development company,Commercial · United States,United States,P3,9,0,900,7,commercial,25,,https://www.tekrevol.com/enterprise-app-development
android app development company,Commercial · United States,United States,P3,27,0,3400,23,commercial,24,related_searches,https://www.tekrevol.com/android-app-development
ecommerce app development,Informational · United States,United States,P3,7,0,700,12,informational,24,"video, related_searches",https://www.tekrevol.com/solution/ecommerce-app-development
ecommerce app development services,Commercial · United States,United States,P3,3,0,700,22,commercial,24,"people_also_ask, related_searches",https://www.tekrevol.com/solution/ecommerce-app-development
iphone app development miami,Commercial · Miami - United States,Miami - United States,P3,6,0,100,10,commercial,24,"local_pack, people_also_ask, related_searches",
Mobile App Development Company in San Francisco,Commercial · San Francisco - United States,San Francisco - United States,P3,10,0,200,3,commercial,24,"featured_snippet, local_pack, related_searches",
mobile app development San Francisco,Commercial · San Francisco - United States,San Francisco - United States,P3,10,0,300,2,commercial,24,"local_pack, related_searches",
android app development San francisco,Mixed · San Francisco - United States,San Francisco - United States,P3,11,0,50,0,mixed,24,"local_pack, related_searches",
mobile app development companies san francisco,Commercial · San Francisco - United States,San Francisco - United States,P3,10,0,100,1,commercial,24,"local_pack, related_searches",
mobile app development company Bahrain,Commercial · Bahrain,Bahrain,P3,11,0,60,0,commercial,24,"local_pack, related_searches",
custom crm development company,Commercial · United States,United States,P3,9,0,450,8,commercial,24,related_searches,
custom crm development services,Commercial · United States,United States,P3,8,0,800,12,commercial,24,related_searches,
staff augmentation services,Informational · United States,United States,P3,0,0,2600,14,informational,24,"people_also_ask, video, related_searches",
cms development company,Commercial · United States,United States,P3,9,0,700,8,commercial,24,"people_also_ask, related_searches",https://www.tekrevol.com/cms-development
cms development services,Commercial · United States,United States,P3,10,0,800,7,commercial,24,"people_also_ask, related_searches",https://www.tekrevol.com/cms-development
ai chatbot development services,Commercial · United States,United States,P3,53,0,1300,1,commercial,24,"people_also_ask, related_searches",https://www.tekrevol.com/chatbot-development-company
android app development services,Commercial · United States,United States,P3,29,0,3400,24,commercial,23,related_searches,https://www.tekrevol.com/android-app-development
ecommerce application development company,Commercial · United States,United States,P3,4,0,200,17,commercial,23,related_searches,https://www.tekrevol.com/solution/ecommerce-app-development
e commerce mobile app development company,Commercial · United States,United States,P3,6,0,150,12,commercial,23,related_searches,https://www.tekrevol.com/mobile-app-development
ecommerce app developer,Informational · United States,United States,P3,5,0,200,15,informational,23,"video, related_searches",https://www.tekrevol.com/solution/ecommerce-app-development
app development companies San Francisco,Commercial · San Francisco - United States,San Francisco - United States,P3,12,0,80,1,commercial,23,"local_pack, related_searches",
mobile app development companies in san francisco,Commercial · San Francisco - United States,San Francisco - United States,P3,11,0,150,4,commercial,23,"local_pack, people_also_ask, related_searches",
mobile app development company san francisco,Commercial · San Francisco - United States,San Francisco - United States,P3,11,0,100,1,commercial,23,"local_pack, related_searches",
mobile app development company denver,Mixed · Denver - United States,Denver - United States,P3,7,0,90,9,mixed,23,"local_pack, related_searches",
custom cms development company,Commercial · United States,United States,P3,9,0,150,6,commercial,23,"people_also_ask, related_searches",https://www.tekrevol.com/cms-development
ecommerce web development,Informational · United States,United States,P3,29,0,4500,37,informational,23,"people_also_ask, image_pack, video, related_searches",https://www.tekrevol.com/ecommerce-website-development
custom web application development,Commercial · United States,United States,P3,73,0,1300,5,commercial,23,related_searches,https://www.tekrevol.com/web-application-development
app store optimization services,Commercial · United States,United States,P3,34,0,1700,7,commercial,23,"people_also_ask, related_searches",https://www.tekrevol.com/app-store-optimization
app developers in houston,Commercial · Houston - United States,Houston - United States,P3,7,0,100,9,commercial,23,"local_pack, people_also_ask, related_searches",https://www.example.com/test-url-dm
houston app development,Commercial · Houston - United States,Houston - United States,P3,7,0,150,14,commercial,22,"local_pack, people_also_ask, related_searches",
android app development agency,Commercial · United States,United States,P3,41,0,3400,29,commercial,22,"people_also_ask, related_searches",https://www.tekrevol.com/android-app-development
ecommerce application development,Informational · United States,United States,P3,12,0,450,7,informational,22,"people_also_ask, video, related_searches",https://www.tekrevol.com/solution/ecommerce-app-development
app developer miami,Commercial · Miami - United States,Miami - United States,P3,12,0,90,3,commercial,22,"local_pack, people_also_ask, related_searches",
mobile app development company in austin,Commercial · Austin - United States,Austin - United States,P3,7,0,200,14,commercial,22,"local_pack, related_searches",
app development company austin,Commercial · Austin - United States,Austin - United States,P3,7,0,150,13,commercial,22,"local_pack, related_searches",https://www.tekrevol.com/app-development-austin
app developers in austin,Commercial · Austin - United States,Austin - United States,P3,9,0,100,8,commercial,22,"local_pack, people_also_ask, related_searches",
ios app development agency,Commercial · United States,United States,P3,4,0,1100,30,commercial,22,"people_also_ask, related_searches",
web development services usa,Commercial · United States,United States,P3,3,0,150,22,commercial,22,"local_pack, people_also_ask, related_searches",
mobile app development company in Bahrain,Commercial · Bahrain,Bahrain,P3,12,0,40,3,commercial,22,local_pack,
app development agency in saudi arabia,Commercial · Saudi Arabia,Saudi Arabia,P3,13,0,70,0,commercial,22,"local_pack, people_also_ask, related_searches",
mobile app development company in riyadh,Commercial · Riyadh - Saudi Arabia,Riyadh - Saudi Arabia,P3,14,0,80,0,commercial,22,"local_pack, related_searches",
crm development services,Commercial · United States,United States,P3,14,0,900,6,commercial,22,"people_also_ask, related_searches",
mobile app development denver,Commercial · Denver - United States,Denver - United States,P3,5,0,80,16,commercial,22,"local_pack, people_also_ask, related_searches",https://www.tekrevol.com/app-development-denver
cms development service,Commercial · United States,United States,P3,10,0,100,7,commercial,22,"people_also_ask, related_searches",https://www.tekrevol.com/cms-development
ecommerce website development,Informational · United States,United States,P3,28,0,10000,43,informational,22,"video, people_also_ask, related_searches, image_pack",https://www.tekrevol.com/ecommerce-website-development
app developers in los angeles,Commercial · United States,United States,P3,8,0,100,10,commercial,22,"local_pack, people_also_ask, related_searches",https://www.tekrevol.com/app-development-los-angeles
los angeles mobile app development,Commercial · United States,United States,P3,8,0,200,12,commercial,22,"local_pack, related_searches",https://www.tekrevol.com/app-development-los-angeles
api development services,Commercial · United States,United States,P3,53,0,900,2,commercial,22,"people_also_ask, related_searches",https://www.tekrevol.com/api-integration-service
custom web application development company,Commercial · United States,United States,P3,106,0,1700,11,commercial,22,related_searches,https://www.tekrevol.com/web-application-development
custom lms development,Commercial · United States,United States,P3,0,0,700,1,commercial,22,,https://www.tekrevol.com/solution/custom-lms-development
app development houston,Commercial · Houston - United States,Houston - United States,P3,10,0,100,9,commercial,21,"local_pack, related_searches",https://www.tekrevol.com/houston-app-development
healthcare app development,Informational · United States,United States,P3,35,0,1300,11,informational,21,"video, related_searches, image_pack",https://www.tekrevol.com/healthcare-app-development
android mobile app development company,Commercial · United States,United States,P3,7,0,900,25,commercial,21,"local_pack, related_searches",https://www.tekrevol.com/android-app-development
app developers San Francisco,Commercial · San Francisco - United States,San Francisco - United States,P3,26,0,200,0,commercial,21,"local_pack, people_also_ask, related_searches",
app development company san francisco,Commercial · San Francisco - United States,San Francisco - United States,P3,14,0,100,3,commercial,21,"local_pack, related_searches",
chicago app developers,Commercial · Chicago - United States,Chicago - United States,P3,10,0,150,12,commercial,21,"local_pack, related_searches",https://www.tekrevol.com/app-development-chicago
app development services austin,Commercial · Austin - United States,Austin - United States,P3,8,0,50,13,commercial,21,"local_pack, related_searches",
music streaming app development company,Mixed · United States,United States,P3,11,0,500,12,mixed,21,"people_also_ask, related_searches",
mobile app development company,Commercial · United States,United States,P3,23,0,11000,46,commercial,21,"local_pack, related_searches",https://www.tekrevol.com/mobile-app-development
mobile app development bahrain,Commercial · Bahrain,Bahrain,P3,15,0,60,0,commercial,21,"local_pack, people_also_ask, related_searches",
mobile app development company saudi,Commercial · Saudi Arabia,Saudi Arabia,P3,15,0,20,0,commercial,21,"local_pack, related_searches",
mobile app development company in saudi,Commercial · Saudi Arabia,Saudi Arabia,P3,15,0,100,0,commercial,21,"local_pack, related_searches",
mobile app development company,Commercial · Saudi Arabia,Saudi Arabia,P3,26,0,11000,46,commercial,21,"local_pack, people_also_ask, related_searches",https://www.tekrevol.com/mobile-app-development
crm software development,Commercial · United States,United States,P3,62,0,1200,8,commercial,21,"image_pack, people_also_ask, related_searches",
staff augmentation company,Commercial · United States,United States,P3,43,0,700,5,commercial,21,"people_also_ask, related_searches",
web development company uk,Commercial · London - United Kingdom,London - United Kingdom,P3,10,0,400,13,commercial,21,"local_pack, people_also_ask, related_searches",https://www.tekrevol.com/web-development-uk
mobile app development company los angeles,Commercial · United States,United States,P3,6,0,250,20,commercial,21,"local_pack, related_searches",https://www.tekrevol.com/app-development-los-angeles
app development companies los angeles,Commercial · United States,United States,P3,10,0,80,10,commercial,21,"local_pack, related_searches",https://www.tekrevol.com/app-development-los-angeles
los angeles app developers,Commercial · United States,United States,P3,7,0,80,15,commercial,21,"local_pack, people_also_ask, related_searches",https://www.tekrevol.com/app-development-los-angeles
custom api development services,Commercial · United States,United States,P3,69,0,250,0,commercial,21,related_searches,https://www.tekrevol.com/api-integration-service
mobile app maintenance,Informational · United States,United States,P3,0,0,150,0,informational,21,,https://www.tekrevol.com/mobile-app-support
application support and maintenance services,Informational · United States,United States,P3,0,0,150,0,informational,21,,https://www.tekrevol.com/mobile-app-support
application maintenance services,Informational · United States,United States,P3,0,0,600,3,informational,21,,https://www.tekrevol.com/mobile-app-support
magento development company,Commercial · United States,United States,P3,0,0,1400,12,commercial,21,related_searches,https://www.tekrevol.com/magento-development-services
enterprise mobile app development company,Commercial · United States,United States,P3,28,0,700,3,commercial,21,related_searches,https://www.tekrevol.com/enterprise-app-development
enterprise mobile application development,Informational · United States,United States,P3,70,0,500,2,informational,21,"local_pack, related_searches",https://www.tekrevol.com/enterprise-app-development
custom learning management system development,Informational · United States,United States,P3,0,0,400,2,informational,21,,https://www.tekrevol.com/solution/custom-lms-development
houston app developers,Commercial · Houston - United States,Houston - United States,P3,14,0,100,6,commercial,20,"local_pack, people_also_ask, related_searches",https://www.tekrevol.com/houston-app-development
android app development houston,Commercial · Houston - United States,Houston - United States,P3,6,0,100,22,commercial,20,"local_pack, related_searches",https://www.tekrevol.com/houston-app-development
mobile app development houston,Commercial · Houston - United States,Houston - United States,P3,6,0,250,23,commercial,20,"local_pack, related_searches",https://www.tekrevol.com/houston-app-development
healthcare app development company,Commercial · United States,United States,P3,32,0,1200,12,commercial,20,related_searches,https://www.tekrevol.com/solution/healthcare-solution
healthcare mobile app development,Informational · United States,United States,P3,39,0,900,10,informational,20,"video, related_searches",https://www.tekrevol.com/healthcare-app-development
ecommerce app development company,Commercial · United States,United States,P3,8,0,900,26,commercial,20,related_searches,https://www.tekrevol.com/solution/ecommerce-app-development
app developers in San Francisco,Commercial · San Francisco - United States,San Francisco - United States,P3,49,0,90,2,commercial,20,"local_pack, people_also_ask, related_searches",
mobile app developers san francisco,Commercial · San Francisco - United States,San Francisco - United States,P3,23,0,70,1,commercial,20,"local_pack, related_searches",
mobile app development company chicago,Commercial · Chicago - United States,Chicago - United States,P3,12,0,350,12,commercial,20,"local_pack, people_also_ask, related_searches",https://www.tekrevol.com/app-development-chicago
chicago app development company,Commercial · Chicago - United States,Chicago - United States,P3,6,0,150,22,commercial,20,"local_pack, people_also_ask, related_searches",https://www.tekrevol.com/app-development-chicago
mobile app development company in chicago,Commercial · Chicago - United States,Chicago - United States,P3,6,0,200,21,commercial,20,"local_pack, people_also_ask, related_searches",https://www.tekrevol.com/app-development-chicago
ios app development services,Commercial · United States,United States,P3,7,0,2400,42,commercial,20,related_searches,https://www.tekrevol.com/ios-app-development
web development services in usa,Commercial · United States,United States,P3,11,0,300,14,commercial,20,"local_pack, related_searches",
web development services company,Commercial · United States,United States,P3,13,0,1600,23,commercial,20,"local_pack, related_searches",
app development company,Commercial · United States,United States,P3,87,0,7600,66,commercial,20,"local_pack, people_also_ask, related_searches",https://www.tekrevol.com/mobile-app-development
mobile app development agency,Commercial · United States,United States,P3,26,0,5200,62,commercial,20,"local_pack, related_searches",https://www.tekrevol.com/mobile-app-development
dubai mobile app development,Commercial · Dubai - United Arab Emirates,Dubai - United Arab Emirates,P3,37,0,70,0,commercial,20,"people_also_ask, local_pack, related_searches",
mobile app development company,Commercial · Dubai - United Arab Emirates,Dubai - United Arab Emirates,P3,18,0,11000,46,commercial,20,"local_pack, related_searches",https://www.tekrevol.com/mobile-app-development
app development company,Commercial · London - United Kingdom,London - United Kingdom,P3,79,0,7600,66,commercial,20,"local_pack, people_also_ask, related_searches",https://www.tekrevol.com/mobile-app-development
mobile app development company,Commercial · London - United Kingdom,London - United Kingdom,P3,18,0,11000,46,commercial,20,"local_pack, related_searches",https://www.tekrevol.com/mobile-app-development
mobile app development companies,Commercial · London - United Kingdom,London - United Kingdom,P3,86,0,1900,20,commercial,20,"local_pack, people_also_ask, related_searches",
app development company,Commercial · Bahrain,Bahrain,P3,79,0,7600,66,commercial,20,"local_pack, people_also_ask, related_searches",https://www.tekrevol.com/mobile-app-development
app developers in saudi arabia,Commercial · Saudi Arabia,Saudi Arabia,P3,31,0,70,0,commercial,20,"people_also_ask, local_pack, related_searches",
mobile app development companies in saudi arabia,Commercial · Saudi Arabia,Saudi Arabia,P3,33,0,100,0,commercial,20,"local_pack, related_searches",
app development company,Commercial · Dubai - United Arab Emirates,Dubai - United Arab Emirates,P3,79,0,7600,66,commercial,20,"local_pack, people_also_ask, related_searches",https://www.tekrevol.com/mobile-app-development
website development company,Commercial · Dubai - United Arab Emirates,Dubai - United Arab Emirates,P3,25,0,9700,63,commercial,20,"people_also_ask, related_searches",https://www.tekrevol.com/web-development-uk
website development,Informational · Dubai - United Arab Emirates,Dubai - United Arab Emirates,P3,0,0,20000,80,informational,20,"featured_snippet, local_pack, people_also_ask, video, related_searches, image_pack",
web design company,Commercial · Dubai - United Arab Emirates,Dubai - United Arab Emirates,P3,0,0,25000,81,commercial,20,"local_pack, related_searches",
crm software development company,Commercial · United States,United States,P3,50,0,1100,11,commercial,20,"people_also_ask, related_searches",
it staff augmentation company,Commercial · United States,United States,P3,35,0,1200,12,commercial,20,"local_pack, related_searches",
cloud app development,Informational · United States,United States,P3,56,0,600,7,informational,20,"people_also_ask, related_searches",
mobile app development toronto,Commercial · Toronto - Canada,Toronto - Canada,P3,16,0,10,0,commercial,20,"local_pack, related_searches",
digital marketing agency,Commercial · United States,United States,P3,41,0,75000,83,commercial,20,"local_pack, related_searches",
digital marketing services,Commercial · United States,United States,P3,26,0,29000,77,commercial,20,"local_pack, people_also_ask, related_searches",
digital marketing company,Commercial · United States,United States,P3,67,0,28000,75,commercial,20,"people_also_ask, local_pack, related_searches",
mobile application development denver,Commercial · Denver - United States,Denver - United States,P3,5,0,150,23,commercial,20,"local_pack, people_also_ask, related_searches",https://www.tekrevol.com/app-development-denver
website development company,Commercial · London - United Kingdom,London - United Kingdom,P3,21,0,9700,63,commercial,20,"local_pack, people_also_ask, related_searches",https://www.tekrevol.com/web-development-uk
web development service,Commercial · London - United Kingdom,London - United Kingdom,P3,11,0,2400,35,commercial,20,"local_pack, related_searches",https://www.tekrevol.com/web-development-uk
web development agency,Commercial · United States,United States,P3,37,0,5300,84,commercial,20,"local_pack, related_searches",https://www.tekrevol.com/web-development-uk
cms website development company,Commercial · United States,United States,P3,38,0,700,8,commercial,20,"people_also_ask, related_searches",https://www.tekrevol.com/cms-development
custom cms development,Informational · United States,United States,P3,42,0,250,2,informational,20,"people_also_ask, related_searches, image_pack",https://www.tekrevol.com/cms-development
mobile app development los angeles,Commercial · United States,United States,P3,6,0,100,22,commercial,20,"local_pack, related_searches",https://www.tekrevol.com/app-development-los-angeles
app development company los angeles,Commercial · United States,United States,P3,6,0,70,22,commercial,20,"local_pack, related_searches",https://www.tekrevol.com/app-development-los-angeles
mobile app development company in boston,Commercial · Boston - United States,Boston - United States,P3,24,0,150,2,commercial,20,"local_pack, related_searches",https://www.tekrevol.com/mobile-app-development-boston
app development san diego,Commercial · United States,United States,P3,40,0,150,2,commercial,20,"local_pack, people_also_ask, related_searches",https://www.tekrevol.com/mobile-app-development-san-diego
mobile app development company san diego,Commercial · United States,United States,P3,31,0,70,2,commercial,20,"local_pack, related_searches",https://www.tekrevol.com/mobile-app-development-san-diego
mobile app developers san diego,Commercial · United States,United States,P3,44,0,80,1,commercial,20,"local_pack, related_searches",https://www.tekrevol.com/mobile-app-development-san-diego
mobile application development san diego,Commercial · United States,United States,P3,45,0,90,2,commercial,20,"local_pack, related_searches",https://www.tekrevol.com/mobile-app-development-san-diego
api integration services,Informational · United States,United States,P3,47,0,1100,12,informational,20,"people_also_ask, related_searches",https://www.tekrevol.com/api-integration-service
api development and integration services,Commercial · United States,United States,P3,38,0,200,2,commercial,20,"people_also_ask, video, related_searches",https://www.tekrevol.com/api-integration-service
api integration developer,Informational · United States,United States,P3,55,0,100,0,informational,20,"people_also_ask, related_searches, image_pack",https://www.tekrevol.com/api-integration-service
custom web application development services,Commercial · United States,United States,P3,58,0,1000,10,commercial,20,related_searches,https://www.tekrevol.com/web-application-development
Mobile Application Maintenance Services,Informational · United States,United States,P3,33,0,150,1,informational,20,"people_also_ask, related_searches",https://www.tekrevol.com/mobile-app-support
mobile app maintenance services,Commercial · United States,United States,P3,36,0,150,2,commercial,20,"people_also_ask, related_searches",https://www.tekrevol.com/mobile-app-support
application support services,Informational · United States,United States,P3,0,0,400,4,informational,20,,https://www.tekrevol.com/mobile-app-development
magento development services,Commercial · United States,United States,P3,33,0,1200,12,commercial,20,"people_also_ask, related_searches",https://www.tekrevol.com/magento-development-services
app store optimization expert,Informational · United States,United States,P3,22,0,150,2,informational,20,"video, related_searches",https://www.tekrevol.com/app-store-optimization
enterprise mobile application development company,Commercial · United States,United States,P3,30,0,150,2,commercial,20,"people_also_ask, related_searches",https://www.tekrevol.com/enterprise-app-development
mobile app developers houston,Commercial · Houston - United States,Houston - United States,P3,7,0,150,24,commercial,19,"local_pack, related_searches",https://www.tekrevol.com/houston-app-development
mobile app developer houston,Commercial · Houston - United States,Houston - United States,P3,7,0,150,23,commercial,19,"local_pack, related_searches",https://www.tekrevol.com/houston-app-development
mobile app development company houston,Commercial · Houston - United States,Houston - United States,P3,8,0,350,23,commercial,19,"local_pack, related_searches",https://www.tekrevol.com/houston-app-development
healthcare mobile app development company,Commercial · United States,United States,P3,16,0,1300,15,commercial,19,related_searches,https://www.tekrevol.com/solution/healthcare-solution
medical app development,Informational · United States,United States,P3,34,0,350,7,informational,19,"people_also_ask, related_searches",https://www.tekrevol.com/healthcare-app-development
mobile game app development company,Commercial · United States,United States,P3,4,0,150,28,commercial,19,related_searches,https://www.tekrevol.com/game-development
ecommerce mobile app development,Informational · United States,United States,P3,15,0,500,9,informational,19,"video, related_searches",https://www.tekrevol.com/solution/ecommerce-app-development
Miami app developers,Commercial · Miami - United States,Miami - United States,P3,26,0,80,4,commercial,19,"local_pack, people_also_ask, related_searches",
app developers chicago,Commercial · Chicago - United States,Chicago - United States,P3,12,0,200,12,commercial,19,"local_pack, people_also_ask, related_searches",https://www.tekrevol.com/app-development-chicago
app developers in chicago,Commercial · Chicago - United States,Chicago - United States,P3,7,0,100,23,commercial,19,"local_pack, people_also_ask, related_searches",
custom ios app development services,Commercial · United States,United States,P3,5,0,700,31,commercial,19,related_searches,
web development service,Commercial · United States,United States,P3,12,0,2400,35,commercial,19,"local_pack, people_also_ask, related_searches",https://www.tekrevol.com/web-development-uk
website development company,Commercial · United States,United States,P3,18,0,9700,63,commercial,19,"people_also_ask, related_searches",https://www.tekrevol.com/web-development-uk
app developers near me,Transactional · United States,United States,P3,22,0,1900,22,transactional,19,"local_pack, people_also_ask, related_searches",
app developers in Bahrain,Commercial · Bahrain,Bahrain,P3,17,0,30,0,commercial,19,"local_pack, people_also_ask, related_searches",
it staff augmentation services,Informational · United States,United States,P3,41,0,900,12,informational,19,"people_also_ask, related_searches",
cloud app development services,Commercial · United States,United States,P3,10,0,350,18,commercial,19,"people_also_ask, related_searches",
flutter application development services,Commercial · United States,United States,P3,4,0,300,31,commercial,19,"people_also_ask, related_searches",
ai development services,Commercial · United States,United States,P3,0,0,4800,57,commercial,19,"people_also_ask, related_searches",
ecommerce web development services,Commercial · United States,United States,P3,12,0,2200,33,commercial,19,related_searches,https://www.tekrevol.com/ecommerce-website-development
iphone app development los angeles,Commercial · United States,United States,P3,43,0,90,5,commercial,19,"local_pack, related_searches, image_pack",https://www.tekrevol.com/app-development-los-angeles
mobile app developers los angeles,Commercial · United States,United States,P3,27,0,200,5,commercial,19,"local_pack, people_also_ask, related_searches",https://www.tekrevol.com/app-development-los-angeles
mobile app development companies in boston,Commercial · Boston - United States,Boston - United States,P3,37,0,40,4,commercial,19,"local_pack, related_searches",https://www.tekrevol.com/mobile-app-development-boston
mobile app developers boston,Commercial · Boston - United States,Boston - United States,P3,37,0,150,4,commercial,19,"local_pack, related_searches",https://www.tekrevol.com/mobile-app-development-boston
boston app developers,Commercial · Boston - United States,Boston - United States,P3,40,0,70,5,commercial,19,"local_pack, people_also_ask, related_searches",https://www.tekrevol.com/mobile-app-development-boston
app developers boston,Commercial · Boston - United States,Boston - United States,P3,35,0,80,5,commercial,19,"local_pack, people_also_ask, related_searches",https://www.tekrevol.com/mobile-app-development-boston
mobile app development san diego,Commercial · United States,United States,P3,43,0,200,5,commercial,19,"local_pack, related_searches",https://www.tekrevol.com/mobile-app-development-san-diego
san diego app developers,Commercial · United States,United States,P3,40,0,40,2,commercial,19,related_searches,https://www.tekrevol.com/mobile-app-development-san-diego
custom api integration services,Informational · United States,United States,P3,44,0,30,4,informational,19,related_searches,https://www.tekrevol.com/api-integration-service
app maintenance services,Commercial · United States,United States,P3,25,0,200,5,commercial,19,"people_also_ask, related_searches",https://www.tekrevol.com/mobile-app-support
magento ecommerce development services,Commercial · United States,United States,P3,28,0,450,9,commercial,19,"people_also_ask, related_searches",https://www.tekrevol.com/magento-development-services
app store optimization agency,Commercial · United States,United States,P3,31,0,350,8,commercial,19,"video, related_searches",https://www.tekrevol.com/app-store-optimization
mobile apps development houston,Commercial · Houston - United States,Houston - United States,P3,6,0,100,28,commercial,18,"local_pack, related_searches",https://www.tekrevol.com/houston-app-development
houston mobile app development,Commercial · Houston - United States,Houston - United States,P3,7,0,60,24,commercial,18,"local_pack, related_searches",https://www.tekrevol.com/houston-app-development
healthcare application development,Informational · United States,United States,P3,38,0,800,15,informational,18,"people_also_ask, video, related_searches",https://www.tekrevol.com/healthcare-app-development
android development services,Commercial · United States,United States,P3,45,0,800,14,commercial,18,related_searches,https://www.tekrevol.com/android-app-development
custom android app development company,Commercial · United States,United States,P3,48,0,500,11,commercial,18,"local_pack, related_searches",https://www.tekrevol.com/android-app-development
e-commerce application development,Informational · United States,United States,P3,16,0,50,6,informational,18,"people_also_ask, video, related_searches",https://www.tekrevol.com/mobile-app-development
app development san francisco,Commercial · San Francisco - United States,San Francisco - United States,P3,17,0,150,6,commercial,18,"local_pack, people_also_ask, related_searches",
web development company new jersey,Commercial · New Jersey - United States,New Jersey - United States,P3,19,0,80,1,commercial,18,"local_pack, related_searches",
web development new jersey,Commercial · New Jersey - United States,New Jersey - United States,P3,23,0,150,7,commercial,18,"local_pack, people_also_ask, related_searches",
iphone app development company,Commercial · United States,United States,P3,10,0,2100,38,commercial,18,related_searches,https://www.tekrevol.com/ios-app-development
mobile app development dallas,Commercial · Dallas - United States,Dallas - United States,P3,26,0,600,11,commercial,18,"local_pack, related_searches",https://www.tekrevol.com/app-development-dallas
mobile application development company,Commercial · United States,United States,P3,61,0,3400,39,commercial,18,"local_pack, related_searches",https://www.tekrevol.com/mobile-app-development
NYC app developers,Commercial · New York - United States,New York - United States,P3,30,0,100,7,commercial,18,"local_pack, people_also_ask, related_searches",
custom crm software development company,Commercial · United States,United States,P3,29,0,400,9,commercial,18,related_searches,
flutter app development company,Commercial · United States,United States,P3,12,0,1900,34,commercial,18,"people_also_ask, related_searches",https://www.tekrevol.com/flutter-app-development
custom cms development services,Commercial · United States,United States,P3,16,0,400,9,commercial,18,"people_also_ask, related_searches",https://www.tekrevol.com/cms-development
cms website development services,Commercial · United States,United States,P3,29,0,300,9,commercial,18,"people_also_ask, related_searches",https://www.tekrevol.com/cms-development
app developer los angeles,Commercial · United States,United States,P3,14,0,150,11,commercial,18,"local_pack, people_also_ask, related_searches",https://www.tekrevol.com/app-development-los-angeles
lms development services,Commercial · United States,United States,P3,0,0,300,8,commercial,18,,https://www.tekrevol.com/solution/custom-lms-development
healthcare app developers,Commercial · United States,United States,P3,39,0,350,12,commercial,17,related_searches,https://www.tekrevol.com/healthcare-app-development
medical app development companies,Commercial · United States,United States,P3,26,0,200,12,commercial,17,"people_also_ask, related_searches",https://www.tekrevol.com/healthcare-app-development
android application development company,Commercial · United States,United States,P3,34,0,1500,24,commercial,17,related_searches,https://www.tekrevol.com/android-app-development
android application development services,Commercial · United States,United States,P3,57,0,1200,22,commercial,17,related_searches,https://www.tekrevol.com/android-app-development
app development chicago,Commercial · Chicago - United States,Chicago - United States,P3,13,0,250,19,commercial,17,"local_pack, people_also_ask, related_searches",https://www.tekrevol.com/app-development-chicago
chicago app development,Commercial · Chicago - United States,Chicago - United States,P3,10,0,30,20,commercial,17,related_searches,https://www.tekrevol.com/app-development-chicago
mobile app development company austin,Commercial · Austin - United States,Austin - United States,P3,9,0,150,26,commercial,17,"local_pack, related_searches",https://www.tekrevol.com/app-development-austin
austin mobile app development,Commercial · Austin - United States,Austin - United States,P3,9,0,60,24,commercial,17,"local_pack, related_searches",https://www.tekrevol.com/app-development-austin
austin app developers,Commercial · Austin - United States,Austin - United States,P3,18,0,100,7,commercial,17,"local_pack, people_also_ask, related_searches",https://www.tekrevol.com/app-development-austin
iphone app development company usa,Commercial · United States,United States,P3,3,0,200,37,commercial,17,related_searches,
ios mobile app development company,Commercial · United States,United States,P3,5,0,700,37,commercial,17,"local_pack, related_searches",https://www.tekrevol.com/ios-app-development
website development company in usa,Commercial · United States,United States,P3,15,0,400,16,commercial,17,related_searches,
dallas mobile app development,Commercial · Dallas - United States,Dallas - United States,P3,25,0,150,10,commercial,17,"local_pack, related_searches",https://www.tekrevol.com/app-development-dallas
mobile app developer dallas,Commercial · Dallas - United States,Dallas - United States,P3,21,0,150,12,commercial,17,"local_pack, people_also_ask, related_searches",
mobile app development company near me,Transactional · United States,United States,P3,59,0,300,12,transactional,17,"local_pack, people_also_ask, related_searches",
on demand app development,Commercial · United States,United States,P3,35,0,450,14,commercial,17,"video, related_searches",https://www.tekrevol.com/on-demand-app-development
cms website development companies,Commercial · United States,United States,P3,30,0,30,8,commercial,17,"people_also_ask, related_searches",https://www.tekrevol.com/cms-development
web app development services,Commercial · United States,United States,P3,58,0,1200,20,commercial,17,related_searches,https://www.tekrevol.com/web-application-development
web app development company,Commercial · United States,United States,P3,0,0,3100,40,commercial,17,,https://www.tekrevol.com/web-application-development
app maintenance company,Commercial · United States,United States,P3,19,0,60,5,commercial,17,"related_searches, image_pack",https://www.tekrevol.com/mobile-app-support
custom magento development services,Commercial · United States,United States,P3,28,0,350,12,commercial,17,related_searches,https://www.tekrevol.com/magento-development-services
app store optimisation service,Commercial · United States,United States,P3,18,0,150,7,commercial,17,"people_also_ask, related_searches",https://www.tekrevol.com/app-store-optimization
enterprise app development services,Commercial · United States,United States,P3,38,0,800,18,commercial,17,related_searches,https://www.tekrevol.com/enterprise-app-development
lms development company,Commercial · United States,United States,P3,0,0,400,12,commercial,17,,https://www.tekrevol.com/solution/custom-lms-development
ai chatbot development company,Commercial · United States,United States,P3,53,0,1100,19,commercial,17,"people_also_ask, related_searches",https://www.tekrevol.com/chatbot-development-company
app developer houston,Commercial · Houston - United States,Houston - United States,P3,15,0,200,16,commercial,16,"local_pack, people_also_ask, related_searches",https://www.tekrevol.com/houston-app-development
healthcare application development services,Commercial · United States,United States,P3,17,0,700,16,commercial,16,"people_also_ask, related_searches",https://www.tekrevol.com/healthcare-app-development
medical app developers,Commercial · United States,United States,P3,47,0,100,13,commercial,16,"people_also_ask, related_searches",https://www.tekrevol.com/healthcare-app-development
mobile game development companies,Informational · United States,United States,P3,34,0,150,14,informational,16,"people_also_ask, related_searches",https://www.tekrevol.com/game-development
custom android app development,Commercial · United States,United States,P3,54,0,700,19,commercial,16,"people_also_ask, video, related_searches",https://www.tekrevol.com/android-app-development
app development companies in chicago,Commercial · Chicago - United States,Chicago - United States,P3,27,0,150,14,commercial,16,"local_pack, people_also_ask, related_searches",
mobile app development austin,Commercial · Austin - United States,Austin - United States,P3,9,0,90,26,commercial,16,"local_pack, related_searches",https://www.tekrevol.com/app-development-austin
iphone application development services,Commercial · United States,United States,P3,5,0,500,38,commercial,16,related_searches,
iphone applications development company,Commercial · United States,United States,P3,7,0,150,32,commercial,16,related_searches,
Website Development Services in USA,Commercial · United States,United States,P3,10,0,250,27,commercial,16,"local_pack, related_searches",
mobile app development company dallas,Commercial · Dallas - United States,Dallas - United States,P3,21,0,200,14,commercial,16,"local_pack, related_searches",https://www.tekrevol.com/app-development-dallas
application development company,Commercial · United States,United States,P3,51,0,1400,26,commercial,16,"local_pack, people_also_ask, related_searches",https://www.tekrevol.com/mobile-app-development
app development company NYC,Commercial · New York - United States,New York - United States,P3,38,0,150,15,commercial,16,"local_pack, people_also_ask, related_searches",
mobile app developers New York,Commercial · New York - United States,New York - United States,P3,27,0,150,13,commercial,16,"local_pack, related_searches",https://www.tekrevol.com/app-development-new-york
mobile app development company New York,Commercial · New York - United States,New York - United States,P3,36,0,500,17,commercial,16,"local_pack, related_searches",https://www.tekrevol.com/app-development-new-york
on demand app development company,Commercial · United States,United States,P3,28,0,700,19,commercial,16,related_searches,https://www.tekrevol.com/on-demand-app-development
cloud application development company,Commercial · United States,United States,P3,18,0,700,16,commercial,16,related_searches,
flutter app development company in usa,Commercial · United States,United States,P3,28,0,200,14,commercial,16,related_searches,
app developer denver,Commercial · Denver - United States,Denver - United States,P3,8,0,150,29,commercial,16,"local_pack, people_also_ask, related_searches",
denver mobile app development services,Commercial · Denver - United States,Denver - United States,P3,11,0,70,23,commercial,16,"people_also_ask, local_pack, related_searches",https://www.tekrevol.com/app-development-denver
ecommerce website development company,Commercial · United States,United States,P3,105,0,1300,25,commercial,16,related_searches,https://www.tekrevol.com/ecommerce-website-development
app developers los angeles,Commercial · United States,United States,P3,42,0,200,13,commercial,16,"local_pack, people_also_ask, related_searches",https://www.tekrevol.com/app-development-los-angeles
app development los angeles,Commercial · United States,United States,P3,12,0,100,21,commercial,16,"local_pack, related_searches",https://www.tekrevol.com/app-development-los-angeles
healthcare app development services,Commercial · United States,United States,P3,18,0,1300,23,commercial,15,related_searches,https://www.tekrevol.com/healthcare-app-development
healthcare mobile application development,Informational · United States,United States,P3,27,0,400,19,informational,15,"people_also_ask, related_searches",https://www.tekrevol.com/healthcare-app-development
mobile health app developers,Commercial · United States,United States,P3,110,0,40,14,commercial,15,related_searches,https://www.tekrevol.com/healthcare-app-development
mobile game development services,Commercial · United States,United States,P3,12,0,350,27,commercial,15,"people_also_ask, related_searches",https://www.tekrevol.com/game-development
mobile ecommerce app development,Informational · United States,United States,P3,19,0,150,10,informational,15,"video, related_searches",https://www.tekrevol.com/solution/ecommerce-app-development
mobile app development miami,Commercial · Miami - United States,Miami - United States,P3,21,0,150,16,commercial,15,"local_pack, people_also_ask, related_searches",
web development nj,Commercial · United States,United States,P3,27,0,200,17,commercial,15,"local_pack, related_searches",
website development nj,Commercial · United States,United States,P3,35,0,150,16,commercial,15,"local_pack, related_searches",
iphone app development services,Commercial · United States,United States,P3,6,0,1000,45,commercial,15,related_searches,https://www.tekrevol.com/ios-app-development
ios application development company,Commercial · United States,United States,P3,10,0,600,33,commercial,15,"local_pack, related_searches",https://www.tekrevol.com/ios-app-development
custom ios app development company,Commercial · United States,United States,P3,10,0,350,31,commercial,15,related_searches,https://www.tekrevol.com/ios-app-development
custom iphone app development,Commercial · United States,United States,P3,27,0,500,20,commercial,15,"people_also_ask, video, related_searches, image_pack",
app development dallas,Commercial · Dallas - United States,Dallas - United States,P3,23,0,350,20,commercial,15,"local_pack, related_searches",https://www.tekrevol.com/app-development-dallas
app development companies in dallas,Commercial · Dallas - United States,Dallas - United States,P3,18,0,100,11,commercial,15,"local_pack, people_also_ask, related_searches",
dallas mobile app development company,Commercial · Dallas - United States,Dallas - United States,P3,21,0,200,16,commercial,15,"local_pack, related_searches",
app developers New York,Commercial · New York - United States,New York - United States,P3,17,0,200,15,commercial,15,"local_pack, people_also_ask, related_searches",https://www.tekrevol.com/app-development-new-york
app development New York,Commercial · New York - United States,New York - United States,P3,39,0,200,18,commercial,15,"local_pack, related_searches",https://www.tekrevol.com/app-development-new-york
custom software development solutions,Informational · United States,United States,P3,20,0,1500,23,informational,15,related_searches,
mobile app development companies in toronto,Commercial · Toronto - Canada,Toronto - Canada,P3,12,0,40,24,commercial,15,"local_pack, related_searches",
iphone app developers los angeles,Commercial · United States,United States,P3,18,0,70,12,commercial,15,"local_pack, related_searches",https://www.tekrevol.com/app-development-los-angeles
enterprise app developers,Informational · United States,United States,P3,32,0,200,18,informational,15,"people_also_ask, related_searches",https://www.tekrevol.com/enterprise-app-development
healthcare mobile app development companies,Commercial · United States,United States,P3,19,0,150,15,commercial,14,related_searches,https://www.tekrevol.com/healthcare-app-development
game app development company,Commercial · United States,United States,P3,15,0,350,24,commercial,14,"people_also_ask, related_searches",https://www.tekrevol.com/game-development
web design company nj,Commercial · United States,United States,P3,52,0,350,23,commercial,14,"local_pack, related_searches",
mobile app development companies dallas,Commercial · Dallas - United States,Dallas - United States,P3,20,0,80,11,commercial,14,"local_pack, people_also_ask, related_searches",
app development near me,Transactional · United States,United States,P3,41,0,250,22,transactional,14,"local_pack, people_also_ask, related_searches",
app developer NYC,Commercial · New York - United States,New York - United States,P3,17,0,150,18,commercial,14,"local_pack, people_also_ask, related_searches",
app developers NYC,Commercial · New York - United States,New York - United States,P3,16,0,200,19,commercial,14,"local_pack, people_also_ask, related_searches",
mobile app developer New York,Commercial · New York - United States,New York - United States,P3,11,0,150,31,commercial,14,"local_pack, related_searches",
2d game development services,Commercial · United States,United States,P3,2,0,80,47,commercial,14,"people_also_ask, related_searches",https://www.tekrevol.com/2d-game-development
ecommerce web design company,Commercial · United States,United States,P3,93,0,3300,51,commercial,14,related_searches,https://www.tekrevol.com/ecommerce-website-development
ecommerce website design company,Commercial · United States,United States,P3,109,0,3300,65,commercial,14,"local_pack, related_searches",https://www.tekrevol.com/ecommerce-website-development
mobile app development company boston,Commercial · Boston - United States,Boston - United States,P3,38,0,100,20,commercial,14,"local_pack, related_searches",https://www.tekrevol.com/mobile-app-development-boston
mobile app development boston,Commercial · Boston - United States,Boston - United States,P3,35,0,150,19,commercial,14,"local_pack, related_searches",https://www.tekrevol.com/mobile-app-development-boston
app development company in boston,Commercial · Boston - United States,Boston - United States,P3,28,0,70,19,commercial,14,"local_pack, related_searches",https://www.tekrevol.com/mobile-app-development-boston
magento ecommerce development company,Commercial · United States,United States,P3,33,0,1100,29,commercial,14,related_searches,https://www.tekrevol.com/magento-development-services
website design companies nj,Commercial · United States,United States,P3,31,0,100,21,commercial,13,"local_pack, related_searches",
chicago mobile app development,Commercial · Chicago - United States,Chicago - United States,P3,18,0,200,20,commercial,13,"local_pack, people_also_ask, related_searches",https://www.tekrevol.com/app-development-chicago
mobile app development company in dallas,Commercial · Dallas - United States,Dallas - United States,P3,23,0,250,24,commercial,13,"local_pack, related_searches",
app developers dallas,Commercial · Dallas - United States,Dallas - United States,P3,20,0,150,16,commercial,13,"local_pack, people_also_ask, related_searches",https://www.tekrevol.com/app-development-dallas
mobile application development agency,Commercial · United States,United States,P3,52,0,900,30,commercial,13,"local_pack, related_searches",https://www.tekrevol.com/mobile-app-development
mobile app developers NYC,Commercial · New York - United States,New York - United States,P3,16,0,200,23,commercial,13,"local_pack, related_searches",
on demand mobile app development,Commercial · United States,United States,P3,32,0,100,23,commercial,13,"video, related_searches",
on demand service app development,Informational · United States,United States,P3,26,0,150,23,informational,13,"people_also_ask, video, related_searches",
flutter app development agency,Commercial · United States,United States,P3,25,0,400,26,commercial,13,"local_pack, related_searches",
2D Game Development Company,Informational · United States,United States,P3,2,0,150,79,informational,13,"related_searches, image_pack",https://www.tekrevol.com/2d-game-development
ecommerce web design agency,Commercial · United States,United States,P3,101,0,2400,44,commercial,13,"local_pack, related_searches",https://www.tekrevol.com/ecommerce-website-development
ios app development los angeles,Commercial · United States,United States,P3,49,0,100,22,commercial,13,"local_pack, related_searches",https://www.tekrevol.com/app-development-los-angeles
magento development agency,Commercial · United States,United States,P3,98,0,1100,33,commercial,13,related_searches,https://www.tekrevol.com/magento-development-services
mobile game development agency,Commercial · United States,United States,P3,5,0,150,47,commercial,12,"people_also_ask, related_searches",https://www.tekrevol.com/game-development
android apps development services,Commercial · United States,United States,P3,31,0,300,28,commercial,12,related_searches,https://www.tekrevol.com/android-app-development
website design company New Jersey,Commercial · New Jersey - United States,New Jersey - United States,P3,41,0,200,27,commercial,12,"local_pack, related_searches",
website development solutions,Commercial · United States,United States,P3,18,0,350,24,commercial,12,"people_also_ask, related_searches, image_pack",
website development service,Commercial · United States,United States,P3,16,0,1500,40,commercial,12,"local_pack, people_also_ask, related_searches",
Website Development Company USA,Commercial · United States,United States,P3,21,0,200,26,commercial,12,related_searches,
app developers in dallas,Commercial · Dallas - United States,Dallas - United States,P3,19,0,200,20,commercial,12,"local_pack, people_also_ask, related_searches",
android app development services in dallas,Commercial · Dallas - United States,Dallas - United States,P3,18,0,80,22,commercial,12,"local_pack, related_searches",
web development services in dubai,Commercial · Dubai - United Arab Emirates,Dubai - United Arab Emirates,P3,7,0,300,45,commercial,12,"local_pack, related_searches",
mobile app development company NYC,Commercial · New York - United States,New York - United States,P3,14,0,150,31,commercial,12,"local_pack, related_searches",
New York app developers,Commercial · New York - United States,New York - United States,P3,16,0,100,24,commercial,12,"local_pack, people_also_ask, related_searches",https://www.tekrevol.com/app-development-new-york
app development NYC,Commercial · New York - United States,New York - United States,P3,52,0,100,24,commercial,12,"local_pack, people_also_ask, related_searches",https://www.tekrevol.com/app-development-new-york
ai development company,Commercial · United States,United States,P3,0,0,2600,56,commercial,12,"image_pack, local_pack, related_searches",
website design new jersey,Commercial · New Jersey - United States,New Jersey - United States,P3,54,0,150,29,commercial,11,"local_pack, people_also_ask, related_searches",
mobile app developers dallas,Commercial · Dallas - United States,Dallas - United States,P3,19,0,90,21,commercial,11,"local_pack, related_searches",https://www.tekrevol.com/app-development-dallas
android app development New York,Commercial · New York - United States,New York - United States,P3,34,0,150,28,commercial,11,"local_pack, related_searches",
mobile app development company in toronto,Commercial · Toronto - Canada,Toronto - Canada,P3,23,0,100,27,commercial,11,"local_pack, related_searches",
artificial intelligence development company,Commercial · United States,United States,P3,0,0,1900,72,commercial,10,related_searches,
artificial intelligence development services,Commercial · United States,United States,P3,0,0,2000,55,commercial,10,"people_also_ask, related_searches",
web development company in uk,Commercial · London - United Kingdom,London - United Kingdom,P3,9,0,40,43,commercial,10,"local_pack, related_searches",https://www.tekrevol.com/web-development-uk
mobile app development NYC,Commercial · New York - United States,New York - United States,P3,16,0,200,35,commercial,9,"local_pack, people_also_ask, related_searches",https://www.tekrevol.com/app-development-new-york
on demand app development services,Commercial · United States,United States,P3,21,0,300,36,commercial,9,"people_also_ask, related_searches",https://www.tekrevol.com/on-demand-app-development
mobile app development company toronto,Commercial · Toronto - Canada,Toronto - Canada,P3,19,0,150,30,commercial,9,"local_pack, related_searches",
ai software development services,Commercial · United States,United States,P3,0,0,1800,57,commercial,9,"local_pack, related_searches",
ai app development company,Commercial · United States,United States,P3,0,0,1600,91,commercial,9,"video, related_searches",
3d game development services,Commercial · United States,United States,P3,34,0,150,36,commercial,9,"people_also_ask, related_searches",
digital marketing services usa,Commercial · United States,United States,P3,10,0,450,82,commercial,9,"people_also_ask, related_searches",
mobile game app developer,Commercial · United States,United States,P3,9,0,30,51,commercial,8,"people_also_ask, video, related_searches, image_pack",https://www.tekrevol.com/game-development
android application development agency,Commercial · United States,United States,P3,52,0,200,37,commercial,8,"local_pack, related_searches",https://www.tekrevol.com/android-app-development
professional website development services,Commercial · United States,United States,P3,10,0,300,55,commercial,8,"local_pack, related_searches",
mobile app development company in usa,Commercial · United States,United States,P3,32,0,1300,53,commercial,8,related_searches,https://www.tekrevol.com/mobile-app-development
mobile app development company in New York,Commercial · New York - United States,New York - United States,P3,18,0,150,35,commercial,8,"local_pack, related_searches",https://www.tekrevol.com/app-development-new-york
crm development company,Commercial · United States,United States,P3,33,0,1300,84,commercial,8,"people_also_ask, related_searches",
app development company toronto,Commercial · Toronto - Canada,Toronto - Canada,P3,21,0,100,38,commercial,8,"local_pack, people_also_ask, related_searches",
ecommerce website developer,Commercial · United States,United States,P3,58,0,1400,64,commercial,8,"people_also_ask, related_searches",https://www.tekrevol.com/ecommerce-website-development
web design company dubai,Commercial · Dubai - United Arab Emirates,Dubai - United Arab Emirates,P3,61,0,1100,66,commercial,7,"local_pack, related_searches",
web design dubai,Commercial · Dubai - United Arab Emirates,Dubai - United Arab Emirates,P3,107,0,1200,68,commercial,7,"local_pack, people_also_ask, related_searches",
custom software development firm,Commercial · United States,United States,P3,54,0,1100,70,commercial,7,"local_pack, related_searches",
ai application development services,Commercial · United States,United States,P3,0,0,1200,55,commercial,7,related_searches,
3d game development,Informational · United States,United States,P3,15,0,1000,91,informational,7,"video, people_also_ask, related_searches, image_pack",
Game Development Services,Commercial · United States,United States,P3,36,0,900,75,commercial,6,"people_also_ask, related_searches",https://www.tekrevol.com/game-development
website designing and development services,Commercial · United States,United States,P3,23,0,100,44,commercial,6,"local_pack, related_searches",
website development companies in usa,Commercial · United States,United States,P3,21,0,200,44,commercial,6,"local_pack, people_also_ask, related_searches",
mobile apps development company,Commercial · United States,United States,P3,62,0,350,46,commercial,6,"local_pack, related_searches",https://www.tekrevol.com/mobile-app-development
app developers uk,Commercial · London - United Kingdom,London - United Kingdom,P3,72,0,900,55,commercial,6,"people_also_ask, related_searches",
web design company in dubai,Commercial · Dubai - United Arab Emirates,Dubai - United Arab Emirates,P3,98,0,700,68,commercial,6,"local_pack, people_also_ask, related_searches",
cms development,Informational · United States,United States,P3,67,0,500,46,informational,6,"people_also_ask, related_searches, image_pack",https://www.tekrevol.com/cms-development
mobile game development company,Commercial · United States,United States,P3,29,0,500,72,commercial,5,"people_also_ask, related_searches",https://www.tekrevol.com/game-development
mobile app development near me,Commercial · United States,United States,P3,41,0,400,48,commercial,5,"local_pack, people_also_ask, related_searches",
apps development company,Commercial · United States,United States,P3,85,0,250,47,commercial,5,"local_pack, people_also_ask, related_searches",https://www.tekrevol.com/mobile-app-development
mobile app development company usa,Commercial · United States,United States,P3,36,0,600,70,commercial,5,"people_also_ask, related_searches",https://www.tekrevol.com/mobile-app-development
mobile app development dubai,Commercial · Dubai - United Arab Emirates,Dubai - United Arab Emirates,P3,41,0,500,59,commercial,5,"local_pack, people_also_ask, related_searches",
mobile app development company in dubai,Commercial · Dubai - United Arab Emirates,Dubai - United Arab Emirates,P3,41,0,450,60,commercial,5,"local_pack, related_searches",
app development companies uk,Commercial · London - United Kingdom,London - United Kingdom,P3,52,0,350,55,commercial,5,"people_also_ask, related_searches",
web development company dubai,Commercial · Dubai - United Arab Emirates,Dubai - United Arab Emirates,P3,23,0,400,62,commercial,5,"local_pack, related_searches",
website development company dubai,Commercial · Dubai - United Arab Emirates,Dubai - United Arab Emirates,P3,15,0,400,53,commercial,5,"local_pack, related_searches",
web development companies in dubai,Commercial · Dubai - United Arab Emirates,Dubai - United Arab Emirates,P3,21,0,400,54,commercial,5,"local_pack, people_also_ask, related_searches",
web development dubai,Commercial · Dubai - United Arab Emirates,Dubai - United Arab Emirates,P3,26,0,400,57,commercial,5,"local_pack, people_also_ask, related_searches",
web design agency dubai,Commercial · Dubai - United Arab Emirates,Dubai - United Arab Emirates,P3,116,0,350,62,commercial,5,"local_pack, related_searches",
website design dubai,Commercial · Dubai - United Arab Emirates,Dubai - United Arab Emirates,P3,111,0,600,67,commercial,5,"local_pack, people_also_ask, related_searches",
website design company dubai,Commercial · Dubai - United Arab Emirates,Dubai - United Arab Emirates,P3,110,0,350,67,commercial,5,"local_pack, people_also_ask, related_searches",
cloud application services,Informational · United States,United States,P3,0,0,450,70,informational,5,"people_also_ask, related_searches",
website application development,Informational · United States,United States,P3,0,0,600,81,informational,5,,https://www.tekrevol.com/web-application-development
app store optimization company,Commercial · United States,United States,P3,27,0,500,65,commercial,5,"people_also_ask, video, local_pack, related_searches",https://www.tekrevol.com/app-store-optimization
lms company,Informational · United States,United States,P3,0,0,350,87,informational,5,,https://www.tekrevol.com/solution/custom-lms-development
game app developers,Commercial · United States,United States,P3,36,0,100,72,commercial,4,"people_also_ask, related_searches",https://www.tekrevol.com/game-development
mobile game developer,Informational · United States,United States,P3,31,0,200,57,informational,4,"people_also_ask, video, related_searches, image_pack",https://www.tekrevol.com/game-development
app development company near me,Commercial · United States,United States,P3,56,0,200,52,commercial,4,"local_pack, people_also_ask, related_searches",
app development company in usa,Commercial · United States,United States,P3,39,0,200,51,commercial,4,"local_pack, related_searches",https://www.tekrevol.com/mobile-app-development
mobile app development in dubai,Commercial · Dubai - United Arab Emirates,Dubai - United Arab Emirates,P3,38,0,150,51,commercial,4,"local_pack, people_also_ask, related_searches",
mobile app development company dubai,Commercial · Dubai - United Arab Emirates,Dubai - United Arab Emirates,P3,39,0,300,64,commercial,4,"local_pack, related_searches",
app development company in dubai,Commercial · Dubai - United Arab Emirates,Dubai - United Arab Emirates,P3,42,0,100,51,commercial,4,"local_pack, people_also_ask, related_searches",
app development dubai,Commercial · Dubai - United Arab Emirates,Dubai - United Arab Emirates,P3,41,0,250,63,commercial,4,"local_pack, people_also_ask, related_searches",
app development companies in dubai,Commercial · Dubai - United Arab Emirates,Dubai - United Arab Emirates,P3,38,0,90,57,commercial,4,"local_pack, related_searches",
app development uk,Commercial · London - United Kingdom,London - United Kingdom,P3,44,0,200,52,commercial,4,"people_also_ask, related_searches",
app development company uk,Commercial · London - United Kingdom,London - United Kingdom,P3,57,0,150,51,commercial,4,"local_pack, people_also_ask, related_searches",
mobile app development uk,Commercial · London - United Kingdom,London - United Kingdom,P3,65,0,150,56,commercial,4,"people_also_ask, related_searches",
app developer uk,Commercial · London - United Kingdom,London - United Kingdom,P3,42,0,200,55,commercial,4,"people_also_ask, related_searches",
mobile app developers uk,Commercial · London - United Kingdom,London - United Kingdom,P3,28,0,100,51,commercial,4,related_searches,
uk app developers,Commercial · London - United Kingdom,London - United Kingdom,P3,38,0,200,56,commercial,4,"people_also_ask, related_searches",
mobile app development company uk,Commercial · London - United Kingdom,London - United Kingdom,P3,64,0,200,56,commercial,4,"local_pack, related_searches",
website development uae,Commercial · Dubai - United Arab Emirates,Dubai - United Arab Emirates,P3,30,0,150,64,commercial,4,"local_pack, people_also_ask, related_searches",
website development dubai,Commercial · Dubai - United Arab Emirates,Dubai - United Arab Emirates,P3,22,0,200,62,commercial,4,"local_pack, people_also_ask, related_searches",
web design in dubai,Commercial · Dubai - United Arab Emirates,Dubai - United Arab Emirates,P3,53,0,250,67,commercial,4,"local_pack, related_searches",
website design in dubai,Commercial · Dubai - United Arab Emirates,Dubai - United Arab Emirates,P3,0,0,250,65,commercial,4,"local_pack, people_also_ask, related_searches",
dubai website design,Commercial · Dubai - United Arab Emirates,Dubai - United Arab Emirates,P3,0,0,200,72,commercial,4,"local_pack, people_also_ask, related_searches",
flutter mobile application development company,Commercial · United States,United States,P3,19,0,200,43,commercial,4,related_searches,
3d game development company,Informational · United States,United States,P3,33,0,150,77,informational,4,"local_pack, related_searches",
3d game developers,Informational · United States,United States,P3,24,0,70,81,informational,4,"video, related_searches, image_pack",
digital marketing firms in usa,Commercial · United States,United States,P3,16,0,100,68,commercial,4,"people_also_ask, local_pack, related_searches",
2d game development,Informational · United States,United States,P3,56,0,100,48,informational,4,"video, people_also_ask, related_searches, image_pack",https://www.tekrevol.com/2d-game-development
cms web development services,Informational · United States,United States,P3,58,0,150,90,informational,4,"people_also_ask, related_searches",https://www.tekrevol.com/cms-development
cms website design company,Commercial · United States,United States,P3,49,0,150,67,commercial,4,related_searches,https://www.tekrevol.com/cms-development
api integration company,Commercial · United States,United States,P3,50,0,200,56,commercial,4,"local_pack, related_searches",https://www.tekrevol.com/api-integration-service
lms developers,Commercial · United States,United States,P3,0,0,250,60,commercial,4,,https://www.tekrevol.com/solution/custom-lms-development
lms services,Commercial · United States,United States,P3,0,0,250,71,commercial,4,,https://www.tekrevol.com/solution/custom-lms-development
music app developer,Commercial · United States,United States,P3,17,0,50,72,commercial,3,"local_pack, people_also_ask, related_searches",
web development company in dubai,Commercial · Dubai - United Arab Emirates,Dubai - United Arab Emirates,P3,19,0,400,51,commercial,3,"local_pack, people_also_ask, related_searches",
2d game developer,Informational · United States,United States,P3,17,0,30,76,informational,3,"people_also_ask, video, related_searches",https://www.tekrevol.com/2d-game-development
website development company in dubai,Commercial · Dubai - United Arab Emirates,Dubai - United Arab Emirates,P3,20,0,400,50,commercial,2,"local_pack, related_searches",
2d game studios,Informational · United States,United States,P3,19,0,40,64,informational,1,"people_also_ask, image_pack, related_searches",https://www.tekrevol.com/2d-game-development
"mobile app development dallas, tx",Mixed · Dallas - United States,Dallas - United States,P3,23,0,0,0,mixed,0,"local_pack, related_searches",
mobile app development in KSA,Commercial · Saudi Arabia,Saudi Arabia,P3,18,0,0,0,commercial,0,"local_pack, people_also_ask, related_searches",
KSA mobile app development,Commercial · Saudi Arabia,Saudi Arabia,P3,10,0,0,0,commercial,0,"people_also_ask, related_searches",
app developers in KSA,Commercial · Saudi Arabia,Saudi Arabia,P3,13,0,0,0,commercial,0,"local_pack, people_also_ask, related_searches",